customer_id,latitude,longitude,demand,service_time,ready_time,due_time,time_window
1,25.44561,81.774673,4,0.1333,11.957,16.957,11:57-16:57
2,25.307779,81.903587,9,0.0833,10.5353,15.5353,10:32-15:32
3,25.487722,81.77554,1,0.25,11.7503,16.7503,11:45-16:45
4,25.407403,81.754703,5,0.25,12.0724,17.0724,12:04-17:04
5,25.568492,81.94505,9,0.2833,11.1091,16.1091,11:07-16:07
6,25.563238,81.824515,10,0.3333,10.0336,14.0336,10:02-14:02
7,25.449137,81.635649,3,0.2,9.9983,14.9983,09:00-14:00
8,25.462263,81.719201,7,0.3,9.655,14.655,09:39-14:39
9,25.553967,81.982374,2,0.2667,9.0907,13.0907,09:05-13:05
10,25.304012,81.893326,2,0.15,8.889,13.889,08:53-13:53
11,25.323575,81.977313,4,0.3,11.2295,15.2295,11:14-15:14
12,25.575596,81.769575,9,0.0833,10.6036,15.6036,10:36-15:36
13,25.349189,81.724461,7,0.2333,12.244,17.244,12:15-17:15
14,25.521187,81.654095,5,0.3333,12.2356,17.2356,12:14-17:14
15,25.321932,81.89312,3,0.25,12.2095,16.2095,12:13-16:13
16,25.449001,81.947813,2,0.3167,9.1277,14.1277,09:08-14:08
17,25.280282,81.784807,3,0.0833,10.0547,15.0547,10:03-15:03
18,25.604402,81.92545,2,0.2167,8.8361,12.8361,08:50-12:50
19,25.463393,81.788708,2,0.2833,10.5217,15.5217,10:31-15:31
20,25.343129,81.734707,7,0.25,10.6327,15.6327,10:38-15:38
21,25.445339,81.638606,2,0.3167,10.0104,15.0104,10:01-15:01
22,25.330158,81.998043,1,0.2,10.1841,15.1841,10:11-15:11
23,25.629889,81.806278,6,0.25,9.8048,14.8048,09:48-14:48
24,25.551377,81.744584,3,0.1833,8.4405,12.9405,08:26-12:56
25,25.464729,81.668583,5,0.3,11.003,16.003,11:00-16:00
26,25.475041,81.96614,2,0.1,10.4662,15.4662,10:28-15:28
27,25.246812,81.890708,3,0.15,10.8043,15.8043,10:48-15:48
28,25.556135,81.883929,5,0.1,9.3268,14.3268,09:20-14:20
29,25.533014,82.003189,7,0.2667,12.1688,16.1688,12:10-16:10
30,25.382542,81.714475,5,0.1333,9.9922,14.9922,09:00-14:00
31,25.430817,81.678709,6,0.1667,8.2744,12.7744,08:16-12:46
32,25.602055,81.808186,6,0.3,9.2582,14.2582,09:15-14:15
33,25.36941,81.988752,3,0.1667,10.4867,15.4867,10:29-15:29
34,25.305852,81.998649,3,0.1167,12.8322,17.3322,12:50-17:20
35,25.305511,81.874239,5,0.0833,10.1026,14.1026,10:06-14:06
36,25.495785,82.012451,1,0.1333,9.1477,14.1477,09:09-14:09
37,25.518955,81.944259,7,0.3167,11.8641,15.8641,11:52-15:52
38,25.306192,81.86838,7,0.2167,10.0461,15.0461,10:03-15:03
39,25.455404,81.994872,4,0.3333,10.8272,15.8272,10:50-15:50
40,25.396404,81.767166,4,0.1333,9.9018,13.9018,09:54-13:54
41,25.368052,81.877567,4,0.1667,11.1944,15.1944,11:12-15:12
42,25.517181,81.68872,7,0.1167,11.022,15.022,11:01-15:01
43,25.385823,81.675005,8,0.1833,11.1929,15.1929,11:12-15:12
44,25.373392,82.013534,2,0.2333,9.3626,14.3626,09:22-14:22
45,25.461485,81.79626,5,0.2833,11.915,16.915,11:55-16:55
46,25.475929,81.722298,1,0.1667,10.9855,15.9855,10:59-15:59
47,25.362296,81.915836,5,0.2833,8.99,13.99,08:59-13:59
48,25.393805,82.035651,3,0.25,12.2488,16.2488,12:15-16:15
49,25.359825,81.659987,4,0.15,9.8072,13.8072,09:48-13:48
50,25.503294,81.936358,5,0.3167,10.176,15.176,10:11-15:11
51,25.48656,82.018954,4,0.1833,11.1818,15.1818,11:11-15:11
52,25.518124,81.85052,4,0.1167,9.0266,14.0266,09:02-14:02
53,25.46123,81.72711,8,0.3333,10.922,14.922,10:55-14:55
54,25.392723,81.765815,9,0.3167,10.0096,15.0096,10:01-15:01
55,25.404664,81.727164,1,0.0833,8.3962,12.8962,08:24-12:54
56,25.467413,81.667251,4,0.3167,8.6496,13.1496,08:39-13:09
57,25.252513,81.899888,9,0.3333,8.9991,12.9991,08:00-12:00
58,25.347181,81.801067,6,0.3,12.2129,17.2129,12:13-17:13
59,25.530907,81.973274,3,0.15,12.0613,17.0613,12:04-17:04
60,25.561956,81.968728,6,0.25,11.0072,15.0072,11:00-15:00
61,25.340778,81.659371,2,0.2167,11.1055,16.1055,11:06-16:06
62,25.281127,81.877752,1,0.2333,10.502,15.502,10:30-15:30
63,25.337512,81.79901,7,0.2333,11.2023,15.2023,11:12-15:12
64,25.450769,81.670928,6,0.25,8.8422,12.8422,08:51-12:51
65,25.357608,81.748438,8,0.2167,11.2367,15.2367,11:14-15:14
66,25.250861,81.774629,4,0.2667,10.1561,15.1561,10:09-15:09
67,25.314766,81.794006,9,0.2167,11.1804,15.1804,11:11-15:11
68,25.380614,82.019618,5,0.0833,9.9915,13.9915,09:59-13:59
69,25.488012,81.857637,8,0.0833,9.1686,14.1686,09:10-14:10
70,25.315964,81.902032,2,0.3333,12.9034,17.4034,12:54-17:24
71,25.476863,82.047261,1,0.3167,9.131,14.131,09:08-14:08
72,25.303789,81.940976,8,0.2333,9.3202,14.3202,09:19-14:19
73,25.518152,81.72627,9,0.1167,9.4035,14.4035,09:24-14:24
74,25.455149,82.057907,10,0.2833,11.9729,16.9729,11:58-16:58
75,25.607534,81.919257,4,0.1167,8.4112,12.9112,08:25-12:55
76,25.412628,81.974731,1,0.1833,8.9435,12.9435,08:57-12:57
77,25.395419,82.005446,10,0.1667,10.1601,15.1601,10:10-15:10
78,25.361015,81.712268,7,0.0833,9.8783,13.8783,09:53-13:53
79,25.28609,81.784213,3,0.2833,12.1226,16.1226,12:07-16:07
80,25.461195,81.716275,8,0.2167,11.7869,16.7869,11:47-16:47
81,25.381833,81.74624,10,0.1667,8.6329,13.1329,08:38-13:08
82,25.277897,81.962915,3,0.2167,11.146,15.146,11:09-15:09
83,25.510535,81.651785,8,0.0833,9.9508,13.9508,09:57-13:57
84,25.526922,82.021848,8,0.1833,13.1112,17.6112,13:07-17:37
85,25.629942,81.877189,6,0.2167,9.7076,14.7076,09:42-14:42
86,25.581443,81.948717,7,0.1667,10.6504,15.6504,10:39-15:39
87,25.405622,81.65582,3,0.3,10.9452,15.9452,10:57-15:57
88,25.266359,81.892123,10,0.1333,10.9921,15.9921,10:00-15:00
89,25.510433,81.978855,10,0.1167,11.1397,15.1397,11:08-15:08
90,25.297969,81.845298,10,0.2167,9.3963,14.3963,09:24-14:24
91,25.496013,81.940933,8,0.3167,10.1519,14.1519,10:09-14:09
92,25.382412,81.677717,1,0.1833,12.914,17.414,12:55-17:25
93,25.329238,81.887817,4,0.0833,10.153,14.153,10:09-14:09
94,25.356867,81.92733,5,0.3333,10.7934,15.7934,10:48-15:48
95,25.386703,82.008368,10,0.2,9.7722,14.7722,09:46-14:46
96,25.346026,81.740061,6,0.1167,12.2488,17.2488,12:15-17:15
97,25.370761,81.931366,6,0.2333,9.6847,14.6847,09:41-14:41
98,25.589229,81.950634,2,0.1667,13.1914,17.6914,13:11-17:41
99,25.571944,81.984358,8,0.3333,10.7256,15.7256,10:44-15:44
100,25.523891,81.82249,4,0.15,9.9692,13.9692,09:58-13:58
101,25.475571,81.817797,1,0.2167,9.8934,13.8934,09:54-13:54
102,25.398368,81.719526,10,0.2167,8.315,12.815,08:19-12:49
103,25.418069,82.042557,2,0.1333,11.0006,16.0006,11:00-16:00
104,25.614819,81.80742,1,0.2,8.86,13.86,08:52-13:52
105,25.450967,81.754342,1,0.1,10.7178,15.7178,10:43-15:43
106,25.399517,81.655965,5,0.25,11.752,16.752,11:45-16:45
107,25.360519,81.873756,2,0.2833,8.8216,12.8216,08:49-12:49
108,25.417896,81.987241,9,0.3333,10.3732,15.3732,10:22-15:22
109,25.598638,81.971161,6,0.1667,11.8495,16.8495,11:51-16:51
110,25.514102,81.785445,4,0.15,11.8629,16.8629,11:52-16:52
111,25.351362,81.872971,1,0.2167,8.578,13.078,08:35-13:05
112,25.475076,81.98724,5,0.2667,10.9138,15.9138,10:55-15:55
113,25.381251,82.010968,2,0.3333,11.0575,16.0575,11:03-16:03
114,25.267293,81.744908,10,0.0833,12.1951,17.1951,12:12-17:12
115,25.523002,82.041149,3,0.1333,10.0513,14.0513,10:03-14:03
116,25.477741,81.787664,5,0.15,9.0973,14.0973,09:06-14:06
117,25.440313,81.753036,1,0.15,8.4328,12.9328,08:26-12:56
118,25.401969,81.653456,2,0.2,9.8299,13.8299,09:50-13:50
119,25.335812,81.896633,3,0.3,11.9103,15.9103,11:55-15:55
120,25.305473,81.697735,1,0.0833,10.2321,15.2321,10:14-15:14
121,25.294623,81.755038,8,0.3,10.0609,14.0609,10:04-14:04
122,25.389689,81.776163,10,0.2333,11.8888,16.8888,11:53-16:53
123,25.592561,81.948143,10,0.2333,10.4755,15.4755,10:29-15:29
124,25.355994,81.89796,3,0.25,11.1678,16.1678,11:10-16:10
125,25.564567,81.884456,8,0.1,9.0842,14.0842,09:05-14:05
126,25.285671,81.85258,6,0.2667,10.0303,14.0303,10:02-14:02
127,25.366678,81.985816,1,0.1333,9.1926,14.1926,09:12-14:12
128,25.537961,81.991246,1,0.2167,8.5862,13.0862,08:35-13:05
129,25.564985,81.954981,6,0.25,10.0714,15.0714,10:04-15:04
130,25.267542,81.731891,5,0.2333,10.8449,14.8449,10:51-14:51
131,25.530609,82.038965,1,0.1667,8.8032,12.8032,08:48-12:48
132,25.565697,81.773146,10,0.1833,11.2326,16.2326,11:14-16:14
133,25.370952,81.806197,8,0.2,8.5494,13.0494,08:33-13:03
134,25.338221,82.001345,6,0.0833,10.9578,14.9578,10:57-14:57
135,25.270928,81.72896,10,0.2667,12.0445,17.0445,12:03-17:03
136,25.552253,81.864904,10,0.1,9.7809,13.7809,09:47-13:47
137,25.569609,81.806823,10,0.2,9.1611,14.1611,09:10-14:10
138,25.303147,81.862701,3,0.25,9.3583,14.3583,09:21-14:21
139,25.448527,81.778752,9,0.1,9.1523,13.1523,09:09-13:09
140,25.57855,81.936766,6,0.3333,11.0172,16.0172,11:01-16:01
141,25.313146,81.857712,8,0.1833,9.8883,14.8883,09:53-14:53
142,25.25904,81.857742,9,0.0833,8.7651,12.7651,08:46-12:46
143,25.603818,81.769681,2,0.25,12.1579,16.1579,12:09-16:09
144,25.273246,81.759198,5,0.2167,12.8382,17.3382,12:50-17:20
145,25.305293,81.870597,2,0.25,8.7759,12.7759,08:47-12:47
146,25.42322,81.976408,3,0.2833,10.6279,15.6279,10:38-15:38
147,25.350995,82.0132,5,0.2,11.925,15.925,11:56-15:56
148,25.25878,81.820695,9,0.3,9.4447,14.4447,09:27-14:27
149,25.303699,81.905377,9,0.1667,8.8735,13.8735,08:52-13:52
150,25.621929,81.874461,4,0.2167,8.6796,13.1796,08:41-13:11
151,25.475299,81.762154,4,0.1167,8.8987,12.8987,08:54-12:54
152,25.583967,81.72094,6,0.2333,8.3551,12.8551,08:21-12:51
153,25.483198,81.909947,10,0.15,11.9046,16.9046,11:54-16:54
154,25.353095,81.813953,10,0.2667,10.8516,14.8516,10:51-14:51
155,25.550629,81.949589,3,0.2833,8.9088,12.9088,08:55-12:55
156,25.40437,81.780827,2,0.3,11.7915,16.7915,11:47-16:47
157,25.423569,81.914428,8,0.3167,8.8293,13.8293,08:50-13:50
158,25.4118,81.804757,4,0.1,11.9585,16.9585,11:58-16:58
159,25.416342,81.69828,2,0.1167,10.6897,15.6897,10:41-15:41
160,25.456339,81.65307,1,0.3167,9.7786,14.7786,09:47-14:47
161,25.480335,81.885931,5,0.1833,9.8563,13.8563,09:51-13:51
162,25.575925,81.755862,4,0.0833,10.2042,14.2042,10:12-14:12
163,25.458217,82.044941,6,0.15,10.195,14.195,10:12-14:12
164,25.524044,81.869703,3,0.3,9.0897,14.0897,09:05-14:05
165,25.35459,81.814019,8,0.1667,9.8702,13.8702,09:52-13:52
166,25.308635,81.994522,7,0.1,11.9599,16.9599,11:58-16:58
167,25.522683,81.670749,5,0.2667,9.8556,14.8556,09:51-14:51
168,25.488976,81.692667,2,0.1333,10.3143,15.3143,10:19-15:19
169,25.361946,82.028527,6,0.1667,10.44,15.44,10:26-15:26
170,25.506257,81.822512,7,0.0833,10.5379,15.5379,10:32-15:32
171,25.402955,81.984636,4,0.2333,11.93,15.93,11:56-15:56
172,25.26482,81.828334,3,0.2,10.0554,15.0554,10:03-15:03
173,25.431769,81.965335,6,0.3,12.8981,17.3981,12:54-17:24
174,25.595313,81.771234,4,0.1667,9.9229,13.9229,09:55-13:55
175,25.509484,81.983493,5,0.1333,11.1453,16.1453,11:09-16:09
176,25.602052,81.899673,4,0.1167,11.1892,16.1892,11:11-16:11
177,25.308251,81.907318,4,0.1333,9.411,14.411,09:25-14:25
178,25.560931,81.839657,8,0.2,12.0358,16.0358,12:02-16:02
179,25.514076,81.776119,5,0.1,10.3891,15.3891,10:23-15:23
180,25.434937,81.737017,5,0.1833,12.7767,17.2767,12:47-17:17
181,25.569824,81.724764,7,0.3,11.1189,15.1189,11:07-15:07
182,25.498539,81.791317,4,0.2833,8.3355,12.8355,08:20-12:50
183,25.364382,81.836885,2,0.25,9.9629,13.9629,09:58-13:58
184,25.398598,81.939993,9,0.3167,8.4935,12.9935,08:30-12:00
185,25.448517,81.745137,1,0.2833,9.8422,13.8422,09:51-13:51
186,25.340532,81.676169,6,0.25,8.2973,12.7973,08:18-12:48
187,25.344828,81.94875,3,0.3,10.924,14.924,10:55-14:55
188,25.599346,81.968491,3,0.1,13.2261,17.7261,13:14-17:44
189,25.434102,81.753114,1,0.3,9.0576,14.0576,09:03-14:03
190,25.423103,82.025511,10,0.15,10.9407,15.9407,10:56-15:56
191,25.561945,81.787733,5,0.2667,8.2695,12.7695,08:16-12:46
192,25.443112,81.988858,4,0.3167,9.0501,13.0501,09:03-13:03
193,25.569209,81.989925,8,0.2,9.7961,14.7961,09:48-14:48
194,25.531367,81.656953,1,0.1,9.0213,14.0213,09:01-14:01
195,25.54191,82.015249,6,0.1667,10.126,15.126,10:08-15:08
196,25.476904,81.941884,5,0.1833,10.9618,14.9618,10:58-14:58
197,25.353848,81.780903,6,0.3167,11.8997,16.8997,11:54-16:54
198,25.550478,81.718612,2,0.3333,9.7737,14.7737,09:46-14:46
199,25.473093,81.964331,10,0.2333,8.7624,13.7624,08:46-13:46
200,25.372374,82.022642,3,0.3333,9.965,13.965,09:58-13:58
201,25.461843,81.680481,7,0.1833,13.1917,17.6917,13:12-17:42
202,25.583532,81.817035,8,0.1833,12.872,17.372,12:52-17:22
203,25.254462,81.845365,4,0.3,10.037,14.037,10:02-14:02
204,25.540156,81.993163,2,0.25,10.0922,14.0922,10:06-14:06
205,25.48996,81.851565,3,0.2167,8.7804,12.7804,08:47-12:47
206,25.443668,81.914092,9,0.2,12.8266,17.3266,12:50-17:20
207,25.541448,81.973773,10,0.2667,9.4156,14.4156,09:25-14:25
208,25.373542,81.70522,10,0.2833,10.585,15.585,10:35-15:35
209,25.513705,81.9292,3,0.2,9.9695,14.9695,09:58-14:58
210,25.303286,81.840461,7,0.0833,12.1171,17.1171,12:07-17:07
211,25.376129,81.665402,2,0.1,9.1838,13.1838,09:11-13:11
212,25.277681,81.748437,8,0.1167,9.6292,14.6292,09:38-14:38
213,25.482774,82.005624,5,0.2,12.2461,16.2461,12:15-16:15
214,25.478445,81.712835,8,0.2333,10.1272,15.1272,10:08-15:08
215,25.412112,81.727526,7,0.2833,9.6761,14.6761,09:41-14:41
216,25.425673,81.684543,10,0.1333,12.1662,17.1662,12:10-17:10
217,25.515385,81.941405,5,0.2833,11.1151,16.1151,11:07-16:07
218,25.54391,81.964154,4,0.25,10.1509,14.1509,10:09-14:09
219,25.583978,81.765997,6,0.0833,9.2173,13.2173,09:13-13:13
220,25.382554,81.890524,2,0.1667,12.9876,17.4876,12:59-17:29
221,25.421713,81.893352,2,0.15,10.0691,15.0691,10:04-15:04
222,25.336627,81.854191,6,0.3167,10.0075,15.0075,10:00-15:00
223,25.337935,81.668545,9,0.3167,9.6755,14.6755,09:41-14:41
224,25.591064,81.797079,6,0.3,9.9657,14.9657,09:58-14:58
225,25.415018,81.94503,8,0.2167,11.1599,15.1599,11:10-15:10
226,25.602835,81.751775,2,0.2,9.6497,14.6497,09:39-14:39
227,25.57375,81.870356,5,0.15,12.2309,17.2309,12:14-17:14
228,25.303696,81.793429,7,0.2833,11.8745,16.8745,11:52-16:52
229,25.307881,81.6877,4,0.1,9.1048,13.1048,09:06-13:06
230,25.486686,81.890519,1,0.15,11.1285,16.1285,11:08-16:08
231,25.49936,81.931748,1,0.1167,11.2181,16.2181,11:13-16:13
232,25.300957,81.929473,10,0.2,12.2035,17.2035,12:12-17:12
233,25.529868,81.823862,7,0.15,9.0368,14.0368,09:02-14:02
234,25.299698,81.742427,3,0.1333,9.0396,14.0396,09:02-14:02
235,25.526864,81.801168,3,0.1833,10.3336,15.3336,10:20-15:20
236,25.46101,81.767773,1,0.3,9.7375,14.7375,09:44-14:44
237,25.33943,81.868482,10,0.2167,10.3775,15.3775,10:23-15:23
238,25.464662,81.702317,2,0.3,10.1124,15.1124,10:07-15:07
239,25.527618,81.857743,8,0.3167,13.1479,17.6479,13:09-17:39
240,25.500508,81.904931,3,0.3167,9.9706,14.9706,09:58-14:58
241,25.524139,81.666841,4,0.1667,11.8556,16.8556,11:51-16:51
242,25.470009,81.721261,3,0.3167,8.8445,13.8445,08:51-13:51
243,25.44932,81.98302,9,0.3167,13.1782,17.6782,13:11-17:41
244,25.373526,81.8328,1,0.3333,10.0054,15.0054,10:00-15:00
245,25.338547,81.761659,4,0.1667,10.2951,15.2951,10:18-15:18
246,25.509172,81.757279,3,0.1333,10.1085,15.1085,10:07-15:07
247,25.310363,81.741179,3,0.2333,10.3751,15.3751,10:23-15:23
248,25.35211,81.903033,2,0.3167,11.1882,16.1882,11:11-16:11
249,25.303974,81.993781,10,0.3167,8.9048,12.9048,08:54-12:54
250,25.264727,81.941504,4,0.2333,9.8501,13.8501,09:51-13:51
251,25.392207,81.778135,5,0.1167,9.2924,14.2924,09:18-14:18
252,25.487807,81.783002,4,0.1833,10.0058,14.0058,10:00-14:00
253,25.359928,81.871342,10,0.2667,9.9754,14.9754,09:59-14:59
254,25.43795,82.021668,4,0.2167,12.1257,16.1257,12:08-16:08
255,25.442557,81.935371,4,0.1667,9.9823,14.9823,09:59-14:59
256,25.431198,81.642862,4,0.1667,8.9219,13.9219,08:55-13:55
257,25.506283,81.670709,4,0.0833,11.8808,16.8808,11:53-16:53
258,25.578181,81.969038,1,0.15,9.3891,14.3891,09:23-14:23
259,25.570091,81.912387,7,0.25,9.7139,14.7139,09:43-14:43
260,25.271738,81.723779,1,0.1333,12.8325,17.3325,12:50-17:20
261,25.472288,81.89919,3,0.3333,9.2441,14.2441,09:15-14:15
262,25.494641,81.717752,3,0.1,10.9135,15.9135,10:55-15:55
263,25.391929,81.968249,3,0.2333,9.7942,13.7942,09:48-13:48
264,25.555356,82.0145,8,0.2,8.3743,12.8743,08:22-12:52
265,25.570559,81.765444,6,0.3,11.7792,15.7792,11:47-15:47
266,25.526416,82.01727,10,0.3167,9.145,14.145,09:09-14:09
267,25.416058,81.944917,4,0.2167,9.5063,14.5063,09:30-14:30
268,25.547477,82.024899,10,0.25,8.9185,12.9185,08:55-12:55
269,25.543097,81.9517,1,0.2667,10.081,15.081,10:05-15:05
270,25.577325,81.867247,6,0.2167,9.5653,14.5653,09:34-14:34
271,25.619519,81.920114,8,0.1167,12.2199,16.2199,12:13-16:13
272,25.49379,81.971628,6,0.1833,10.7306,15.7306,10:44-15:44
273,25.558189,81.893542,10,0.1333,12.0903,16.0903,12:05-16:05
274,25.306179,81.753756,4,0.2,8.6589,13.1589,08:40-13:10
275,25.401171,81.763852,1,0.2333,12.1462,16.1462,12:09-16:09
276,25.343113,81.927337,8,0.1333,8.9957,12.9957,08:00-12:00
277,25.396115,81.942832,1,0.1333,9.1022,13.1022,09:06-13:06
278,25.359552,81.843898,8,0.3,10.2891,15.2891,10:17-15:17
279,25.566738,81.701317,8,0.1833,9.129,13.129,09:08-13:08
280,25.527666,81.708359,9,0.1333,11.2309,15.2309,11:14-15:14
281,25.555098,81.883311,5,0.2667,8.7925,12.7925,08:48-12:48
282,25.490545,81.978338,9,0.2667,10.1681,15.1681,10:10-15:10
283,25.446982,81.994628,2,0.3,12.2165,17.2165,12:13-17:13
284,25.436416,82.023446,5,0.2833,9.8631,13.8631,09:52-13:52
285,25.263451,81.754681,2,0.3333,11.0124,16.0124,11:01-16:01
286,25.26997,81.952941,8,0.2333,13.2139,17.7139,13:13-17:43
287,25.558424,81.889717,8,0.15,9.2301,13.2301,09:14-13:14
288,25.352124,81.940586,9,0.3,8.8139,12.8139,08:49-12:49
289,25.300224,81.823726,8,0.15,9.9245,14.9245,09:55-14:55
290,25.557969,81.946777,4,0.15,10.5991,15.5991,10:36-15:36
291,25.505174,81.713485,1,0.3,10.8608,14.8608,10:52-14:52
292,25.590128,81.904165,10,0.3167,11.9124,16.9124,11:55-16:55
293,25.569838,81.770488,5,0.1667,8.7616,12.7616,08:46-12:46
294,25.531679,81.922537,1,0.2667,9.3268,14.3268,09:20-14:20
295,25.503428,81.733957,10,0.3167,9.0312,13.0312,09:02-13:02
296,25.539658,81.765638,10,0.2833,9.5765,14.5765,09:35-14:35
297,25.509325,81.835791,5,0.0833,9.0745,14.0745,09:04-14:04
298,25.464808,81.75156,8,0.25,8.6392,13.1392,08:38-13:08
299,25.467133,81.661114,1,0.1167,9.9576,14.9576,09:57-14:57
300,25.355513,81.735353,1,0.3,9.8867,13.8867,09:53-13:53
301,25.453891,81.73756,3,0.1,10.7578,14.7578,10:45-14:45
302,25.53633,81.971854,7,0.3333,8.8533,12.8533,08:51-12:51
303,25.266575,81.803091,2,0.1167,8.9062,13.9062,08:54-13:54
304,25.328662,81.83567,1,0.1833,11.8391,16.8391,11:50-16:50
305,25.549132,81.689799,7,0.1333,9.7601,14.7601,09:46-14:46
306,25.249749,81.895352,8,0.3,10.8287,14.8287,10:50-14:50
307,25.318913,81.960282,8,0.1833,10.583,15.583,10:35-15:35
308,25.330853,81.706607,8,0.2667,9.0648,14.0648,09:04-14:04
309,25.42933,81.915314,9,0.1,11.2178,15.2178,11:13-15:13
310,25.55904,82.010774,7,0.2,10.1491,14.1491,10:09-14:09
311,25.308159,81.866074,6,0.3167,11.0339,16.0339,11:02-16:02
312,25.270343,81.951739,9,0.3167,9.8188,14.8188,09:49-14:49
313,25.45258,82.015288,4,0.1333,9.032,13.032,09:02-13:02
314,25.404689,81.884154,1,0.1833,8.7808,12.7808,08:47-12:47
315,25.396844,81.894375,8,0.1833,8.4654,12.9654,08:28-12:58
316,25.35841,82.008165,3,0.2333,8.9451,12.9451,08:57-12:57
317,25.325688,81.961576,10,0.2167,10.4639,15.4639,10:28-15:28
318,25.414447,81.790952,5,0.1,8.3899,12.8899,08:23-12:53
319,25.385764,82.028945,9,0.2833,11.0929,16.0929,11:06-16:06
320,25.610147,81.782036,1,0.1333,10.1705,15.1705,10:10-15:10
321,25.559621,81.766772,7,0.1667,10.6343,15.6343,10:38-15:38
322,25.297711,81.864729,5,0.3,13.0639,17.5639,13:04-17:34
323,25.413788,81.891739,5,0.2667,9.0192,14.0192,09:01-14:01
324,25.263192,81.803028,3,0.1833,12.7655,17.2655,12:46-17:16
325,25.505225,81.738449,10,0.3167,13.1115,17.6115,13:07-17:37
326,25.328682,81.67733,4,0.1833,9.0225,14.0225,09:01-14:01
327,25.478041,81.714802,9,0.2333,8.8854,12.8854,08:53-12:53
328,25.287169,81.811976,5,0.1333,9.4139,14.4139,09:25-14:25
329,25.362126,81.756169,1,0.1167,9.2178,13.2178,09:13-13:13
330,25.414619,81.942252,9,0.2,12.0622,17.0622,12:04-17:04
331,25.419145,81.652579,2,0.2333,8.988,12.988,08:59-12:59
332,25.477978,81.997795,3,0.2833,9.5605,14.5605,09:34-14:34
333,25.385397,81.691889,9,0.1833,9.9569,13.9569,09:57-13:57
334,25.560721,81.680618,9,0.3167,8.9851,13.9851,08:59-13:59
335,25.567221,82.005433,10,0.2333,8.8952,12.8952,08:54-12:54
336,25.297226,81.712076,5,0.1,9.9699,13.9699,09:58-13:58
337,25.514081,81.905286,8,0.2667,12.0928,16.0928,12:06-16:06
338,25.412184,81.676246,4,0.2333,8.77,12.77,08:46-12:46
339,25.596521,81.950789,8,0.1833,10.6475,15.6475,10:39-15:39
340,25.551959,81.791538,6,0.2,11.8915,16.8915,11:53-16:53
341,25.485026,81.910047,1,0.15,10.0913,15.0913,10:05-15:05
342,25.609363,81.795509,5,0.2333,13.0714,17.5714,13:04-17:34
343,25.480184,81.697847,5,0.2333,12.0763,17.0763,12:05-17:05
344,25.309593,81.753006,3,0.2,9.5541,14.5541,09:33-14:33
345,25.4758,81.633253,4,0.15,10.2296,14.2296,10:14-14:14
346,25.479688,81.67947,6,0.1833,9.5042,14.5042,09:30-14:30
347,25.561702,81.797121,1,0.2,12.1162,16.1162,12:07-16:07
348,25.433131,81.985332,2,0.2,13.1027,17.6027,13:06-17:36
349,25.323983,81.767639,8,0.15,10.8681,15.8681,10:52-15:52
350,25.501863,81.896048,4,0.2333,9.3917,14.3917,09:23-14:23
351,25.303274,81.714999,7,0.1333,10.962,14.962,10:58-14:58
352,25.522316,82.023963,6,0.2167,8.8888,12.8888,08:53-12:53
353,25.332861,81.797015,6,0.1,8.9334,13.9334,08:56-13:56
354,25.332207,81.790165,5,0.2,8.4455,12.9455,08:27-12:57
355,25.25404,81.889983,5,0.2833,9.5519,14.5519,09:33-14:33
356,25.382873,81.837909,9,0.3,10.8599,14.8599,10:52-14:52
357,25.448577,81.68498,10,0.2667,9.6521,14.6521,09:39-14:39
358,25.478067,81.699892,3,0.2667,8.9688,12.9688,08:58-12:58
359,25.269513,81.855386,7,0.1,9.1031,13.1031,09:06-13:06
360,25.363026,81.788066,10,0.1667,11.7907,15.7907,11:47-15:47
361,25.584755,81.770243,1,0.25,11.985,16.985,11:59-16:59
362,25.52822,81.942082,8,0.2833,12.7641,17.2641,12:46-17:16
363,25.553136,81.963938,5,0.2333,10.588,15.588,10:35-15:35
364,25.485916,81.880408,10,0.3,9.9219,14.9219,09:55-14:55
365,25.359999,81.717881,6,0.15,10.7246,15.7246,10:43-15:43
366,25.308069,81.925677,9,0.1167,10.9121,15.9121,10:55-15:55
367,25.450994,81.737062,2,0.1,10.5319,15.5319,10:32-15:32
368,25.395569,81.763759,2,0.2333,9.8787,13.8787,09:53-13:53
369,25.388215,81.937165,10,0.25,9.0601,13.0601,09:04-13:04
370,25.533505,81.765984,6,0.15,8.9835,12.9835,08:59-12:59
371,25.441674,81.763862,6,0.2833,12.9353,17.4353,12:56-17:26
372,25.410945,82.058432,2,0.2667,8.8518,12.8518,08:51-12:51
373,25.349877,81.955333,3,0.1667,12.8058,17.3058,12:48-17:18
374,25.365165,82.028807,9,0.1333,9.3099,14.3099,09:19-14:19
375,25.54317,82.027577,4,0.2667,9.2495,14.2495,09:15-14:15
376,25.478058,81.908855,6,0.25,8.4562,12.9562,08:27-12:57
377,25.58504,81.776172,4,0.1167,8.751,13.751,08:45-13:45
378,25.264058,81.924509,3,0.15,9.2265,14.2265,09:14-14:14
379,25.31683,81.96494,2,0.2,11.76,15.76,11:46-15:46
380,25.418734,81.699047,10,0.2167,9.9593,14.9593,09:58-14:58
381,25.308824,81.797673,10,0.1167,10.1087,15.1087,10:07-15:07
382,25.488714,81.821441,2,0.3333,10.2073,14.2073,10:12-14:12
383,25.463815,81.685337,4,0.1833,12.1064,17.1064,12:06-17:06
384,25.239868,81.874582,6,0.1833,8.9818,12.9818,08:59-12:59
385,25.297261,81.997111,4,0.0833,10.2372,14.2372,10:14-14:14
386,25.494514,81.840826,8,0.3167,11.7697,15.7697,11:46-15:46
387,25.401953,81.663815,3,0.1333,11.2434,16.2434,11:15-16:15
388,25.545437,81.807858,1,0.3333,9.6747,14.6747,09:40-14:40
389,25.574691,81.987985,4,0.2,10.2145,14.2145,10:13-14:13
390,25.471464,81.792326,6,0.3,11.8774,16.8774,11:53-16:53
391,25.310672,81.684946,2,0.1167,10.3212,15.3212,10:19-15:19
392,25.567143,81.986221,9,0.1167,11.0817,15.0817,11:05-15:05
393,25.368059,81.79984,1,0.2833,10.0079,15.0079,10:00-15:00
394,25.410482,81.78027,1,0.3,12.0116,16.0116,12:01-16:01
395,25.617229,81.861861,6,0.2167,12.2123,16.2123,12:13-16:13
396,25.351222,81.873946,6,0.0833,9.06,14.06,09:04-14:04
397,25.503355,81.700392,3,0.3333,11.9055,15.9055,11:54-15:54
398,25.382352,82.048314,3,0.1833,8.95,13.95,08:57-13:57
399,25.288811,81.889678,1,0.3167,11.8167,15.8167,11:49-15:49
400,25.314649,81.897172,7,0.3,12.8462,17.3462,12:51-17:21
401,25.392122,81.989244,4,0.3,11.8217,15.8217,11:49-15:49
402,25.493081,81.810616,2,0.2667,10.6551,15.6551,10:39-15:39
403,25.473941,81.634276,4,0.25,10.1024,15.1024,10:06-15:06
404,25.52524,81.928852,10,0.2167,13.0152,17.5152,13:01-17:31
405,25.530814,81.844339,3,0.0833,10.4372,15.4372,10:26-15:26
406,25.517365,81.760625,9,0.1833,13.0842,17.5842,13:05-17:35
407,25.394607,82.057149,3,0.2667,9.6565,14.6565,09:39-14:39
408,25.474249,81.776227,2,0.2833,12.1906,17.1906,12:11-17:11
409,25.581185,81.973493,3,0.2167,12.0235,16.0235,12:01-16:01
410,25.60426,81.845251,4,0.2667,13.1599,17.6599,13:10-17:40
411,25.344086,81.672876,2,0.0833,8.5057,13.0057,08:30-13:00
412,25.320768,81.670688,6,0.2,10.9873,15.9873,10:59-15:59
413,25.589816,81.955197,4,0.2167,9.1827,14.1827,09:11-14:11
414,25.589635,81.717617,8,0.3167,8.9432,12.9432,08:57-12:57
415,25.516305,81.862726,5,0.15,9.948,13.948,09:57-13:57
416,25.446049,82.04301,5,0.1333,8.9025,12.9025,08:54-12:54
417,25.528844,81.975772,5,0.1667,10.0094,14.0094,10:01-14:01
418,25.460768,81.683468,2,0.1167,9.0224,14.0224,09:01-14:01
419,25.49605,82.044016,8,0.2167,13.0802,17.5802,13:05-17:35
420,25.601307,81.731021,2,0.25,8.9653,13.9653,08:58-13:58
421,25.342409,81.691488,8,0.2833,11.8589,16.8589,11:52-16:52
422,25.57354,81.881565,10,0.3333,11.1834,15.1834,11:11-15:11
423,25.573547,81.851506,8,0.1,9.923,13.923,09:55-13:55
424,25.557108,81.891499,5,0.1333,9.7115,14.7115,09:43-14:43
425,25.338003,81.761286,4,0.15,12.8537,17.3537,12:51-17:21
426,25.476722,81.711132,9,0.1333,10.53,15.53,10:32-15:32
427,25.441038,81.92681,3,0.3,13.0183,17.5183,13:01-17:31
428,25.476541,81.783718,5,0.1167,12.1643,17.1643,12:10-17:10
429,25.600786,81.914983,8,0.0833,9.3194,14.3194,09:19-14:19
430,25.478742,81.702914,10,0.3,9.205,14.205,09:12-14:12
431,25.607984,81.753332,10,0.3333,8.5157,13.0157,08:31-13:01
432,25.45761,81.673557,1,0.1333,9.5431,14.5431,09:33-14:33
433,25.417469,81.78625,9,0.1667,10.0051,15.0051,10:00-15:00
434,25.482299,81.762841,2,0.2167,10.768,14.768,10:46-14:46
435,25.5309,81.873445,6,0.2167,11.9985,16.9985,11:00-16:00
436,25.494247,82.053348,10,0.3333,8.8818,12.8818,08:53-12:53
437,25.506988,81.925054,7,0.1833,10.4213,15.4213,10:25-15:25
438,25.290218,81.841709,10,0.0833,10.0746,15.0746,10:04-15:04
439,25.429993,81.633682,4,0.1833,8.9988,12.9988,08:00-12:00
440,25.301613,81.688043,4,0.2167,9.7966,14.7966,09:48-14:48
441,25.497437,81.753749,4,0.2167,8.2865,12.7865,08:17-12:47
442,25.470368,81.902787,4,0.2167,9.8428,14.8428,09:51-14:51
443,25.427336,81.749608,7,0.3167,11.8454,15.8454,11:51-15:51
444,25.458843,81.914529,5,0.2833,10.5542,15.5542,10:33-15:33
445,25.423294,81.951872,8,0.15,8.8389,12.8389,08:50-12:50
446,25.397847,81.683022,5,0.1667,10.6909,15.6909,10:41-15:41
447,25.624111,81.82023,4,0.25,9.8549,14.8549,09:51-14:51
448,25.322405,81.740354,2,0.1833,9.2956,14.2956,09:18-14:18
449,25.585699,81.905472,6,0.1833,10.1879,14.1879,10:11-14:11
450,25.36323,81.774271,9,0.1167,8.8977,13.8977,08:54-13:54
451,25.607959,81.89826,9,0.15,10.4627,15.4627,10:28-15:28
452,25.553885,81.729766,3,0.2667,10.7295,15.7295,10:44-15:44
453,25.389326,81.648051,5,0.3,13.2222,17.7222,13:13-17:43
454,25.525586,82.035884,8,0.2833,9.6075,14.6075,09:36-14:36
455,25.538312,81.920073,7,0.15,10.7845,15.7845,10:47-15:47
456,25.465451,81.920295,1,0.1167,10.0467,14.0467,10:03-14:03
457,25.536956,81.832169,6,0.1167,10.2445,15.2445,10:15-15:15
458,25.305069,81.884868,1,0.1833,12.2235,17.2235,12:13-17:13
459,25.476817,81.637446,2,0.2167,10.803,14.803,10:48-14:48
460,25.352781,81.740147,7,0.3167,10.948,15.948,10:57-15:57
461,25.278339,81.760998,2,0.3167,9.9078,13.9078,09:54-13:54
462,25.526889,81.976556,4,0.0833,10.8149,15.8149,10:49-15:49
463,25.524196,81.81177,6,0.2667,10.0974,14.0974,10:06-14:06
464,25.398378,81.970267,7,0.15,8.8869,13.8869,08:53-13:53
465,25.292615,81.761689,5,0.1333,8.9224,13.9224,08:55-13:55
466,25.384734,81.673094,1,0.2167,11.7952,15.7952,11:48-15:48
467,25.356003,81.725905,8,0.0833,10.999,14.999,10:00-14:00
468,25.531199,81.80493,10,0.1667,8.8291,13.8291,08:50-13:50
469,25.537076,81.997515,9,0.2167,11.966,15.966,11:58-15:58
470,25.345007,81.841019,8,0.15,8.8217,13.8217,08:49-13:49
471,25.27754,81.966959,5,0.2333,9.2269,13.2269,09:14-13:14
472,25.342301,81.863253,9,0.2,8.8225,13.8225,08:49-13:49
473,25.492378,81.904556,5,0.2833,11.0109,16.0109,11:01-16:01
474,25.531177,81.964732,2,0.1167,12.8485,17.3485,12:51-17:21
475,25.410156,82.0056,9,0.0833,9.7882,13.7882,09:47-13:47
476,25.387048,81.997127,4,0.2167,9.8512,14.8512,09:51-14:51
477,25.3143,81.911789,10,0.15,9.7774,13.7774,09:47-13:47
478,25.284247,81.705704,4,0.2667,10.8197,14.8197,10:49-14:49
479,25.341769,81.728748,9,0.1,9.4967,14.4967,09:30-14:30
480,25.316141,81.928289,6,0.2333,10.0759,15.0759,10:05-15:05
481,25.324006,81.926196,5,0.3333,11.7937,16.7937,11:48-16:48
482,25.449287,81.918711,3,0.1,8.4705,12.9705,08:28-12:58
483,25.303868,81.755753,9,0.15,13.0406,17.5406,13:02-17:32
484,25.393959,81.949709,1,0.3,11.8671,15.8671,11:52-15:52
485,25.592193,81.886223,5,0.2167,9.436,14.436,09:26-14:26
486,25.381652,81.880053,4,0.1167,12.7859,17.2859,12:47-17:17
487,25.241951,81.881498,6,0.1333,10.3601,15.3601,10:22-15:22
488,25.457113,81.998986,3,0.2833,9.9834,14.9834,09:59-14:59
489,25.266745,81.754652,7,0.3,9.2452,14.2452,09:15-14:15
490,25.307222,81.783865,4,0.1667,9.2481,14.2481,09:15-14:15
491,25.416515,81.777648,2,0.2,8.7398,13.2398,08:44-13:14
492,25.327719,81.68596,2,0.2833,11.9615,15.9615,11:58-15:58
493,25.342755,81.69983,7,0.1167,9.7903,14.7903,09:47-14:47
494,25.364486,82.025032,3,0.1333,10.9118,14.9118,10:55-14:55
495,25.467015,81.702055,4,0.2833,9.8689,14.8689,09:52-14:52
496,25.282859,81.792277,7,0.1167,10.2571,15.2571,10:15-15:15
497,25.268469,81.931483,4,0.2833,11.7976,16.7976,11:48-16:48
498,25.323573,81.720435,4,0.2,8.4766,12.9766,08:29-12:59
499,25.357503,81.950227,3,0.3333,9.9198,14.9198,09:55-14:55
500,25.272956,81.831836,4,0.0833,10.8402,15.8402,10:50-15:50
501,25.422081,81.664857,7,0.3333,9.108,14.108,09:06-14:06
502,25.582789,81.705333,6,0.1333,12.9286,17.4286,12:56-17:26
503,25.546371,81.780044,10,0.0833,12.1759,16.1759,12:11-16:11
504,25.302315,81.842925,8,0.2667,11.8705,15.8705,11:52-15:52
505,25.257614,81.821027,1,0.2167,11.0192,15.0192,11:01-15:01
506,25.480296,81.694234,4,0.3,9.8421,14.8421,09:51-14:51
507,25.368187,82.020966,3,0.1,12.9977,17.4977,12:00-17:30
508,25.507961,81.715688,6,0.1,10.8262,15.8262,10:50-15:50
509,25.335837,81.850376,3,0.2333,9.3308,14.3308,09:20-14:20
510,25.564616,81.973428,10,0.3167,9.0561,13.0561,09:03-13:03
511,25.510272,81.886417,3,0.1833,9.8819,14.8819,09:53-14:53
512,25.488701,81.7565,6,0.2833,10.3362,15.3362,10:20-15:20
513,25.585429,81.906621,2,0.3167,9.2149,14.2149,09:13-14:13
514,25.402774,82.034092,10,0.3,8.7715,13.7715,08:46-13:46
515,25.340975,82.026087,10,0.2167,10.5326,15.5326,10:32-15:32
516,25.487047,81.954289,8,0.2667,10.0241,15.0241,10:01-15:01
517,25.40529,81.925885,4,0.2167,9.8753,14.8753,09:53-14:53
518,25.426895,81.631685,1,0.25,11.9764,15.9764,11:59-15:59
519,25.523329,81.855267,8,0.2333,9.7939,13.7939,09:48-13:48
520,25.480849,81.751616,5,0.2167,9.1106,13.1106,09:07-13:07
521,25.506108,81.747922,10,0.1833,8.8608,12.8608,08:52-12:52
522,25.333397,81.963666,7,0.25,8.8467,12.8467,08:51-12:51
523,25.542163,82.0164,6,0.2833,8.9074,13.9074,08:54-13:54
524,25.29541,81.732093,10,0.3167,9.7012,14.7012,09:42-14:42
525,25.558866,81.973745,9,0.2333,10.1482,15.1482,10:09-15:09
526,25.374859,81.922921,5,0.1,9.2234,13.2234,09:13-13:13
527,25.555346,81.810915,1,0.2333,9.076,13.076,09:05-13:05
528,25.576517,81.841858,1,0.1667,11.0815,16.0815,11:05-16:05
529,25.447762,81.751542,5,0.0833,8.49,12.99,08:29-12:59
530,25.394574,81.959598,6,0.1,11.2026,15.2026,11:12-15:12
531,25.391496,81.727511,1,0.2333,9.0054,13.0054,09:00-13:00
532,25.413141,81.759105,2,0.3333,9.9275,13.9275,09:56-13:56
533,25.321535,81.953898,8,0.2167,11.0702,16.0702,11:04-16:04
534,25.329342,81.70217,8,0.2,10.0231,14.0231,10:01-14:01
535,25.503277,81.851344,1,0.1,12.812,17.312,12:49-17:19
536,25.471707,81.997441,6,0.25,10.4464,15.4464,10:27-15:27
537,25.261481,81.815617,1,0.0833,10.9067,14.9067,10:54-14:54
538,25.524954,82.010282,8,0.3,13.1734,17.6734,13:10-17:40
539,25.526517,82.01839,9,0.3,9.9394,14.9394,09:56-14:56
540,25.506357,81.716626,9,0.3333,9.1608,14.1608,09:10-14:10
541,25.615895,81.832662,6,0.15,12.9712,17.4712,12:58-17:28
542,25.337568,81.806388,7,0.1167,13.1268,17.6268,13:08-17:38
543,25.501743,81.729737,10,0.15,9.8176,14.8176,09:49-14:49
544,25.528071,81.840079,7,0.2833,12.2123,17.2123,12:13-17:13
545,25.523525,81.96615,5,0.1333,9.9903,13.9903,09:59-13:59
546,25.313729,81.891874,8,0.3167,11.8799,16.8799,11:53-16:53
547,25.354085,81.918725,6,0.1167,9.3707,14.3707,09:22-14:22
548,25.587604,81.938781,9,0.0833,9.3825,14.3825,09:23-14:23
549,25.439716,81.716874,6,0.1333,11.9334,15.9334,11:56-15:56
550,25.334999,81.895623,9,0.2833,9.6088,14.6088,09:37-14:37
551,25.354575,81.863852,1,0.2333,12.2248,16.2248,12:13-16:13
552,25.514938,81.967994,1,0.1667,10.5845,15.5845,10:35-15:35
553,25.484241,81.962035,1,0.25,10.0236,14.0236,10:01-14:01
554,25.540504,81.769726,6,0.25,10.9743,15.9743,10:58-15:58
555,25.535527,81.878119,8,0.2167,11.1641,15.1641,11:10-15:10
556,25.454563,82.03839,3,0.2167,12.1748,16.1748,12:10-16:10
557,25.385781,82.050988,2,0.1,8.8965,13.8965,08:54-13:54
558,25.292733,81.85607,9,0.15,10.2267,15.2267,10:14-15:14
559,25.297867,81.754089,8,0.2167,12.9476,17.4476,12:57-17:27
560,25.250693,81.854947,7,0.1167,9.15,14.15,09:09-14:09
561,25.606861,81.956907,5,0.2,12.2334,17.2334,12:14-17:14
562,25.442072,82.020755,5,0.1,12.1018,17.1018,12:06-17:06
563,25.53983,81.673516,1,0.2833,10.8308,15.8308,10:50-15:50
564,25.312876,81.686745,2,0.1,9.0431,13.0431,09:03-13:03
565,25.330713,81.687922,9,0.1,8.8094,12.8094,08:49-12:49
566,25.369262,81.711869,4,0.25,10.1446,15.1446,10:09-15:09
567,25.441522,81.768314,8,0.1333,8.8907,13.8907,08:53-13:53
568,25.483006,81.866281,8,0.1667,9.0976,14.0976,09:06-14:06
569,25.341749,81.962052,4,0.1667,9.205,14.205,09:12-14:12
570,25.297316,81.807412,3,0.1333,9.8405,13.8405,09:50-13:50
571,25.366672,81.969546,7,0.2833,8.4464,12.9464,08:27-12:57
572,25.520941,81.70659,1,0.2667,12.0736,17.0736,12:04-17:04
573,25.286467,81.86448,5,0.1333,8.9598,12.9598,08:58-12:58
574,25.457072,81.645959,9,0.25,11.8374,16.8374,11:50-16:50
575,25.482193,81.777442,8,0.2667,8.7645,13.7645,08:46-13:46
576,25.334026,81.842906,8,0.2167,10.9533,15.9533,10:57-15:57
577,25.585522,81.740429,1,0.2333,9.0746,13.0746,09:04-13:04
578,25.279273,81.740647,2,0.3167,9.037,14.037,09:02-14:02
579,25.552287,81.669402,3,0.2,8.8281,13.8281,08:50-13:50
580,25.335635,82.01965,3,0.1833,10.9753,15.9753,10:59-15:59
581,25.248259,81.847844,2,0.2167,10.9347,15.9347,10:56-15:56
582,25.321046,81.82089,10,0.3,10.8871,14.8871,10:53-14:53
583,25.538693,81.934655,2,0.2667,12.1146,17.1146,12:07-17:07
584,25.347881,81.918395,8,0.1,9.4048,14.4048,09:24-14:24
585,25.571933,81.760112,6,0.2,9.5201,14.5201,09:31-14:31
586,25.304862,81.690271,7,0.2667,12.2116,16.2116,12:13-16:13
587,25.489363,81.967383,3,0.1333,12.0196,16.0196,12:01-16:01
588,25.355898,81.987962,4,0.3333,11.0585,16.0585,11:04-16:04
589,25.476737,81.96425,7,0.2833,9.7866,13.7866,09:47-13:47
590,25.525803,81.861972,3,0.3,10.8391,15.8391,10:50-15:50
591,25.52215,81.799427,7,0.1,8.8005,12.8005,08:48-12:48
592,25.374933,81.869042,1,0.2333,13.1324,17.6324,13:08-17:38
593,25.36741,82.046581,1,0.2167,11.168,15.168,11:10-15:10
594,25.329592,81.76256,8,0.25,10.3432,15.3432,10:21-15:21
595,25.61752,81.855554,7,0.3,12.8596,17.3596,12:52-17:22
596,25.406811,82.026731,1,0.1667,10.9116,15.9116,10:55-15:55
597,25.408016,81.745087,9,0.2167,8.5455,13.0455,08:33-13:03
598,25.374254,81.77019,1,0.25,11.0609,16.0609,11:04-16:04
599,25.614256,81.823611,10,0.2833,9.0934,14.0934,09:06-14:06
600,25.356638,81.763611,8,0.2833,9.2026,13.2026,09:12-13:12
601,25.247834,81.875915,10,0.1667,8.8975,13.8975,08:54-13:54
602,25.441886,81.752642,10,0.3333,13.0794,17.5794,13:05-17:35
603,25.571361,81.741962,4,0.0833,11.0299,16.0299,11:02-16:02
604,25.402866,81.650472,8,0.2,9.9029,14.9029,09:54-14:54
605,25.536694,81.820005,3,0.2333,11.2037,16.2037,11:12-16:12
606,25.457927,81.726103,5,0.0833,9.7977,14.7977,09:48-14:48
607,25.566289,81.686095,3,0.2,8.606,13.106,08:36-13:06
608,25.517819,81.925467,5,0.2333,13.1139,17.6139,13:07-17:37
609,25.421001,81.698602,9,0.2333,9.2077,14.2077,09:12-14:12
610,25.310667,81.901072,5,0.1,9.5093,14.5093,09:31-14:31
611,25.334887,81.807567,1,0.15,10.9108,14.9108,10:55-14:55
612,25.336152,81.685887,4,0.1333,9.1639,13.1639,09:10-13:10
613,25.608064,81.809682,8,0.25,13.1354,17.6354,13:08-17:38
614,25.562021,81.832714,6,0.1667,9.0002,13.0002,09:00-13:00
615,25.3925,82.042066,6,0.2333,10.1339,14.1339,10:08-14:08
616,25.425653,81.736608,5,0.2667,8.8839,12.8839,08:53-12:53
617,25.435795,81.795257,3,0.2833,11.0448,16.0448,11:03-16:03
618,25.34886,81.98514,6,0.1167,12.1826,17.1826,12:11-17:11
619,25.576541,81.99995,7,0.3167,9.909,14.909,09:55-14:55
620,25.492242,81.862744,9,0.1167,8.9918,12.9918,08:00-12:00
621,25.45266,81.7387,7,0.0833,9.2255,14.2255,09:14-14:14
622,25.290061,81.856759,10,0.0833,13.1491,17.6491,13:09-17:39
623,25.614475,81.828275,9,0.1333,10.6935,15.6935,10:42-15:42
624,25.364842,81.863877,1,0.3,12.9426,17.4426,12:57-17:27
625,25.563839,81.8265,4,0.1333,12.2483,16.2483,12:15-16:15
626,25.28903,81.947197,4,0.2667,11.8263,15.8263,11:50-15:50
627,25.4699,81.712194,1,0.1833,10.5094,15.5094,10:31-15:31
628,25.517563,81.899706,2,0.0833,11.9896,16.9896,11:59-16:59
629,25.345356,81.809915,8,0.2,11.1492,16.1492,11:09-16:09
630,25.478019,81.708509,4,0.0833,10.2043,15.2043,10:12-15:12
631,25.56123,81.775202,2,0.2,11.1156,16.1156,11:07-16:07
632,25.517157,81.662647,3,0.2167,9.0634,13.0634,09:04-13:04
633,25.592509,81.887351,3,0.2167,9.9637,13.9637,09:58-13:58
634,25.319765,81.978555,2,0.15,9.5052,14.5052,09:30-14:30
635,25.623259,81.911875,2,0.2833,8.5047,13.0047,08:30-13:00
636,25.537621,81.938721,8,0.2333,8.7602,13.7602,08:46-13:46
637,25.376801,81.717469,9,0.15,9.0015,14.0015,09:00-14:00
638,25.392133,81.640576,5,0.1833,9.178,14.178,09:11-14:11
639,25.451472,81.730721,7,0.1,10.6046,15.6046,10:36-15:36
640,25.549172,81.704723,10,0.3167,10.1479,15.1479,10:09-15:09
641,25.424283,81.654532,9,0.2833,9.9452,14.9452,09:57-14:57
642,25.459342,81.767537,1,0.15,9.0145,13.0145,09:01-13:01
643,25.568673,81.89305,10,0.25,12.7667,17.2667,12:46-17:16
644,25.44523,81.953431,1,0.25,10.9415,15.9415,10:56-15:56
645,25.367873,81.773958,1,0.2333,10.4872,15.4872,10:29-15:29
646,25.523027,81.726703,5,0.0833,9.3776,14.3776,09:23-14:23
647,25.548738,81.849837,8,0.3167,8.7656,13.7656,08:46-13:46
648,25.258585,81.828211,1,0.3333,10.5952,15.5952,10:36-15:36
649,25.352293,81.65818,3,0.3333,11.9675,15.9675,11:58-15:58
650,25.61138,81.882892,3,0.3333,11.9578,16.9578,11:57-16:57
651,25.347034,81.916444,4,0.3167,9.875,13.875,09:52-13:52
652,25.523325,81.771739,10,0.2667,8.5189,13.0189,08:31-13:01
653,25.385158,81.741801,4,0.0833,12.969,17.469,12:58-17:28
654,25.442283,81.938691,3,0.2,10.987,14.987,10:59-14:59
655,25.551854,81.675768,2,0.1333,9.0404,14.0404,09:02-14:02
656,25.360544,81.964035,2,0.1333,8.2532,12.7532,08:15-12:45
657,25.497312,81.756575,2,0.3,8.7038,13.2038,08:42-13:12
658,25.380347,82.039642,6,0.3,11.7855,15.7855,11:47-15:47
659,25.326303,81.76901,5,0.2167,11.9755,15.9755,11:59-15:59
660,25.39016,81.884525,5,0.2667,9.8537,13.8537,09:51-13:51
661,25.421899,81.944187,9,0.1167,9.0119,13.0119,09:01-13:01
662,25.557366,81.729942,6,0.1333,12.8901,17.3901,12:53-17:23
663,25.503279,82.026995,2,0.3,11.18,16.18,11:11-16:11
664,25.521225,81.902092,4,0.2,9.9482,14.9482,09:57-14:57
665,25.331915,82.022807,4,0.2167,9.5694,14.5694,09:34-14:34
666,25.398718,81.647143,9,0.2,8.8744,12.8744,08:52-12:52
667,25.500543,81.656326,4,0.1333,8.7597,12.7597,08:46-12:46
668,25.538071,81.845406,2,0.3,9.9521,13.9521,09:57-13:57
669,25.41798,81.912114,8,0.2833,11.0182,16.0182,11:01-16:01
670,25.280645,81.958475,5,0.25,10.9798,14.9798,10:59-14:59
671,25.511286,81.943329,1,0.1667,10.231,14.231,10:14-14:14
672,25.29469,81.766842,7,0.25,11.1034,15.1034,11:06-15:06
673,25.60992,81.843368,3,0.3333,11.2478,15.2478,11:15-15:15
674,25.410841,81.75961,9,0.25,11.8975,15.8975,11:54-15:54
675,25.290067,81.736313,9,0.2,12.1445,16.1445,12:09-16:09
676,25.285805,81.979592,4,0.15,8.5278,13.0278,08:32-13:02
677,25.58291,81.750373,6,0.2167,10.5559,15.5559,10:33-15:33
678,25.300069,81.849212,6,0.1667,10.2429,15.2429,10:15-15:15
679,25.559509,82.000441,7,0.2333,8.577,13.077,08:35-13:05
680,25.338237,81.968256,1,0.0833,12.1994,16.1994,12:12-16:12
681,25.593169,81.924543,4,0.1333,10.1129,14.1129,10:07-14:07
682,25.489442,82.037156,2,0.2833,10.8137,14.8137,10:49-14:49
683,25.607734,81.867524,7,0.1833,9.5997,14.5997,09:36-14:36
684,25.327899,81.882418,1,0.1833,10.4922,15.4922,10:30-15:30
685,25.38288,81.780217,6,0.2167,11.2094,15.2094,11:13-15:13
686,25.378157,81.942427,8,0.2,9.1534,14.1534,09:09-14:09
687,25.309462,81.922773,10,0.2833,9.8021,13.8021,09:48-13:48
688,25.575379,81.805796,3,0.1333,8.817,13.817,08:49-13:49
689,25.437699,81.675814,1,0.2833,9.2848,14.2848,09:17-14:17
690,25.310774,81.809958,8,0.1333,11.9966,15.9966,11:00-15:00
691,25.397687,82.037703,1,0.1667,10.7904,15.7904,10:47-15:47
692,25.587256,81.719547,1,0.2333,9.6118,14.6118,09:37-14:37
693,25.445683,81.962828,10,0.3167,10.5262,15.5262,10:32-15:32
694,25.357562,82.015432,9,0.1333,10.6679,15.6679,10:40-15:40
695,25.574694,81.747421,8,0.2333,8.8899,13.8899,08:53-13:53
696,25.29174,81.816345,9,0.1,12.0096,17.0096,12:01-17:01
697,25.431223,81.741372,1,0.1,8.3087,12.8087,08:19-12:49
698,25.28606,81.73998,1,0.2833,10.6923,15.6923,10:42-15:42
699,25.324928,81.669401,4,0.2667,9.8375,14.8375,09:50-14:50
700,25.383892,82.025564,1,0.1833,10.8012,14.8012,10:48-14:48
701,25.446112,82.056726,9,0.2333,8.3525,12.8525,08:21-12:51
702,25.349271,82.041911,1,0.1833,9.1531,13.1531,09:09-13:09
703,25.504592,81.959062,6,0.15,11.8029,15.8029,11:48-15:48
704,25.548848,81.720035,9,0.1833,9.0572,14.0572,09:03-14:03
705,25.406729,81.998152,8,0.15,8.6231,13.1231,08:37-13:07
706,25.253381,81.764128,3,0.3,9.1255,13.1255,09:08-13:08
707,25.455071,81.767271,5,0.1833,8.845,12.845,08:51-12:51
708,25.463586,81.70371,6,0.1667,9.7808,14.7808,09:47-14:47
709,25.263461,81.924105,8,0.2167,9.9744,13.9744,09:58-13:58
710,25.324954,81.864748,5,0.2833,10.8512,15.8512,10:51-15:51
711,25.612799,81.839773,3,0.15,10.0996,15.0996,10:06-15:06
712,25.377642,81.720693,8,0.3333,10.9283,14.9283,10:56-14:56
713,25.513352,81.646607,9,0.2,11.9747,15.9747,11:58-15:58
714,25.588758,81.727346,5,0.25,11.8067,15.8067,11:48-15:48
715,25.462693,81.722567,1,0.3333,13.0338,17.5338,13:02-17:32
716,25.505212,82.024469,6,0.1833,10.8428,15.8428,10:51-15:51
717,25.32432,81.795466,9,0.1333,12.0895,16.0895,12:05-16:05
718,25.561564,81.950035,10,0.2667,9.2856,14.2856,09:17-14:17
719,25.342483,81.69844,5,0.0833,10.2379,14.2379,10:14-14:14
720,25.610154,81.790668,2,0.2,9.5923,14.5923,09:36-14:36
721,25.382338,81.841554,6,0.3333,8.3409,12.8409,08:20-12:50
722,25.34372,81.891974,9,0.1833,9.757,14.757,09:45-14:45
723,25.600448,81.888068,10,0.25,9.9172,13.9172,09:55-13:55
724,25.58262,81.804311,1,0.2167,10.8264,14.8264,10:50-14:50
725,25.549912,81.9418,3,0.1333,9.8592,14.8592,09:52-14:52
726,25.497137,81.864231,5,0.1667,12.1864,17.1864,12:11-17:11
727,25.438823,81.981704,1,0.2167,8.5516,13.0516,08:33-13:03
728,25.605396,81.928313,9,0.1,11.8382,16.8382,11:50-16:50
729,25.382175,81.863504,2,0.1833,9.0283,14.0283,09:02-14:02
730,25.307006,81.831834,7,0.1833,9.8779,14.8779,09:53-14:53
731,25.361877,82.043676,10,0.3,9.7381,14.7381,09:44-14:44
732,25.494793,81.867962,7,0.1,9.7664,14.7664,09:46-14:46
733,25.568012,81.969916,8,0.3,12.1162,17.1162,12:07-17:07
734,25.35531,81.925373,3,0.1833,9.6365,14.6365,09:38-14:38
735,25.607781,81.922433,9,0.25,9.7836,14.7836,09:47-14:47
736,25.380586,81.665165,5,0.2167,11.8359,16.8359,11:50-16:50
737,25.485722,82.046005,1,0.15,10.9422,14.9422,10:57-14:57
738,25.403628,81.951276,4,0.3167,9.1841,14.1841,09:11-14:11
739,25.319658,81.947196,4,0.1333,11.0185,15.0185,11:01-15:01
740,25.283241,81.943915,6,0.0833,11.0777,16.0777,11:05-16:05
741,25.541308,81.847519,3,0.2833,9.1415,13.1415,09:08-13:08
742,25.514177,81.920021,5,0.2333,8.6641,13.1641,08:40-13:10
743,25.471313,81.800411,5,0.3167,11.9881,15.9881,11:59-15:59
744,25.630048,81.847967,4,0.2,9.0044,13.0044,09:00-13:00
745,25.267319,81.836718,7,0.0833,8.609,13.109,08:37-13:07
746,25.275892,81.857997,4,0.0833,8.3817,12.8817,08:23-12:53
747,25.349814,82.011791,8,0.1833,9.1772,13.1772,09:11-13:11
748,25.301675,81.914682,3,0.1333,8.7604,13.7604,08:46-13:46
749,25.462626,81.693612,9,0.3167,10.8479,14.8479,10:51-14:51
750,25.510024,81.718928,4,0.1,12.1501,16.1501,12:09-16:09
751,25.42535,82.02401,1,0.3167,9.4201,14.4201,09:25-14:25
752,25.392959,81.943151,2,0.1333,10.8249,15.8249,10:49-15:49
753,25.444646,82.053543,9,0.1,11.8434,16.8434,11:51-16:51
754,25.257632,81.871396,9,0.15,9.0154,13.0154,09:01-13:01
755,25.385917,81.722392,3,0.1167,12.1731,17.1731,12:10-17:10
756,25.456707,82.014673,7,0.1833,8.2853,12.7853,08:17-12:47
757,25.394501,81.928582,6,0.1667,11.7652,15.7652,11:46-15:46
758,25.612964,81.754563,2,0.2167,10.9826,15.9826,10:59-15:59
759,25.61591,81.909126,5,0.2167,10.2281,15.2281,10:14-15:14
760,25.250861,81.897827,7,0.0833,12.8895,17.3895,12:53-17:23
761,25.407136,81.717457,10,0.1,9.2296,13.2296,09:14-13:14
762,25.489062,81.927967,9,0.1167,10.1938,15.1938,10:12-15:12
763,25.530765,81.87856,1,0.1333,8.8916,13.8916,08:53-13:53
764,25.482936,81.907964,3,0.1,8.6585,13.1585,08:40-13:10
765,25.505871,81.802893,5,0.1667,11.0929,16.0929,11:06-16:06
766,25.503693,81.850679,2,0.2167,13.0059,17.5059,13:00-17:30
767,25.510338,82.048512,6,0.15,11.9615,16.9615,11:58-16:58
768,25.503235,81.86117,1,0.1667,12.1578,16.1578,12:09-16:09
769,25.499642,81.905256,2,0.2,12.1465,16.1465,12:09-16:09
770,25.303822,81.708804,1,0.2167,10.1285,14.1285,10:08-14:08
771,25.44387,82.016242,3,0.1667,12.2491,16.2491,12:15-16:15
772,25.27647,81.764342,8,0.1333,9.4893,14.4893,09:29-14:29
773,25.301054,81.751352,2,0.1833,13.1535,17.6535,13:09-17:39
774,25.545048,81.678545,10,0.0833,12.1812,16.1812,12:11-16:11
775,25.596324,81.851597,3,0.2,12.8558,17.3558,12:51-17:21
776,25.524373,81.717145,1,0.3333,12.771,17.271,12:46-17:16
777,25.311962,81.718947,4,0.1833,11.9524,15.9524,11:57-15:57
778,25.506996,81.975395,8,0.1,11.1784,16.1784,11:11-16:11
779,25.453319,81.712629,2,0.2667,8.8946,13.8946,08:54-13:54
780,25.521543,81.724673,1,0.1167,10.1,15.1,10:06-15:06
781,25.43336,81.947132,9,0.1333,8.2537,12.7537,08:15-12:45
782,25.591145,81.750027,6,0.1167,8.9277,13.9277,08:56-13:56
783,25.332062,81.880099,4,0.3167,11.0578,15.0578,11:03-15:03
784,25.365964,81.787532,8,0.3333,9.3149,14.3149,09:19-14:19
785,25.540939,81.835036,9,0.2333,10.1983,14.1983,10:12-14:12
786,25.317973,82.000953,4,0.2333,12.8281,17.3281,12:50-17:20
787,25.481998,81.724229,6,0.25,12.2049,17.2049,12:12-17:12
788,25.366622,82.013434,1,0.2333,8.8582,12.8582,08:51-12:51
789,25.49185,81.652019,4,0.2167,10.2471,14.2471,10:15-14:15
790,25.379559,81.800612,6,0.3333,9.5524,14.5524,09:33-14:33
791,25.472452,82.035425,2,0.2667,8.2922,12.7922,08:18-12:48
792,25.336355,81.912337,10,0.1,12.7826,17.2826,12:47-17:17
793,25.394472,81.947427,10,0.1833,8.2875,12.7875,08:17-12:47
794,25.582517,81.933118,3,0.3333,9.0449,13.0449,09:03-13:03
795,25.621996,81.885409,4,0.1833,9.6548,14.6548,09:39-14:39
796,25.370905,81.949955,2,0.1333,8.9515,13.9515,08:57-13:57
797,25.587002,81.86642,6,0.3,8.9724,12.9724,08:58-12:58
798,25.493049,81.954246,2,0.2333,9.5446,14.5446,09:33-14:33
799,25.412428,81.681671,4,0.2333,11.0165,16.0165,11:01-16:01
800,25.394504,81.676672,6,0.1833,12.094,17.094,12:06-17:06
801,25.424524,81.672573,7,0.1,8.4859,12.9859,08:29-12:59
802,25.370746,82.006775,6,0.1833,9.1069,13.1069,09:06-13:06
803,25.500296,81.787232,3,0.1833,12.2487,16.2487,12:15-16:15
804,25.297099,81.743563,8,0.3167,8.4251,12.9251,08:26-12:56
805,25.551547,81.976135,7,0.15,10.7561,15.7561,10:45-15:45
806,25.538373,81.990322,8,0.1167,11.8128,15.8128,11:49-15:49
807,25.411735,81.774972,5,0.1833,11.0268,16.0268,11:02-16:02
808,25.499348,81.980105,9,0.3333,8.4221,12.9221,08:25-12:55
809,25.30468,81.839642,4,0.2,9.22,13.22,09:13-13:13
810,25.507815,81.842175,9,0.1833,8.5637,13.0637,08:34-13:04
811,25.537072,81.849124,3,0.25,10.5102,15.5102,10:31-15:31
812,25.570785,81.861928,3,0.25,10.649,15.649,10:39-15:39
813,25.60794,81.838012,6,0.15,10.8793,14.8793,10:53-14:53
814,25.346184,81.787916,6,0.3333,12.1599,16.1599,12:10-16:10
815,25.562565,81.990082,8,0.2333,10.7515,14.7515,10:45-14:45
816,25.555194,81.746777,3,0.0833,10.0598,15.0598,10:04-15:04
817,25.563063,81.714597,9,0.1833,8.7174,13.2174,08:43-13:13
818,25.299409,81.811342,4,0.3167,12.1439,16.1439,12:09-16:09
819,25.332303,81.736223,6,0.1833,9.6768,14.6768,09:41-14:41
820,25.412804,82.019846,10,0.2333,8.9485,13.9485,08:57-13:57
821,25.61754,81.912417,6,0.2333,10.6621,15.6621,10:40-15:40
822,25.31769,81.757936,7,0.2667,12.0254,17.0254,12:02-17:02
823,25.394926,82.002988,10,0.3,13.0593,17.5593,13:04-17:34
824,25.355074,81.698094,10,0.1167,8.7795,13.7795,08:47-13:47
825,25.524365,81.683393,5,0.2167,11.8508,15.8508,11:51-15:51
826,25.503514,81.854893,5,0.2167,12.0255,16.0255,12:02-16:02
827,25.315719,81.755059,2,0.1167,11.7794,15.7794,11:47-15:47
828,25.452369,82.001572,6,0.25,9.1207,13.1207,09:07-13:07
829,25.569688,81.695955,10,0.1,11.17,16.17,11:10-16:10
830,25.432513,82.004344,5,0.2,10.2102,15.2102,10:13-15:13
831,25.328798,81.747309,4,0.1667,11.8009,16.8009,11:48-16:48
832,25.252101,81.775165,2,0.1167,10.2199,14.2199,10:13-14:13
833,25.326907,81.938424,4,0.3,10.7838,15.7838,10:47-15:47
834,25.394795,81.753435,3,0.1333,11.987,16.987,11:59-16:59
835,25.42059,81.736524,10,0.15,9.1701,13.1701,09:10-13:10
836,25.368,81.81272,6,0.3,10.2852,15.2852,10:17-15:17
837,25.438157,81.797029,2,0.3167,9.2591,14.2591,09:16-14:16
838,25.569546,81.830813,1,0.0833,8.7625,12.7625,08:46-12:46
839,25.282718,81.940502,9,0.15,9.0056,13.0056,09:00-13:00
840,25.265241,81.828946,10,0.2667,8.6558,13.1558,08:39-13:09
841,25.491876,81.851175,8,0.2833,9.8137,14.8137,09:49-14:49
842,25.479272,81.684518,2,0.3333,8.3123,12.8123,08:19-12:49
843,25.348636,81.833965,1,0.2167,11.0343,16.0343,11:02-16:02
844,25.274542,81.962857,2,0.0833,10.8671,14.8671,10:52-14:52
845,25.511036,81.902211,8,0.3,10.1151,15.1151,10:07-15:07
846,25.558258,81.733626,8,0.1167,12.2248,17.2248,12:13-17:13
847,25.341842,81.926997,9,0.1,9.133,14.133,09:08-14:08
848,25.36964,81.683823,1,0.25,11.1886,15.1886,11:11-15:11
849,25.513639,81.96396,2,0.2333,11.0098,15.0098,11:01-15:01
850,25.604849,81.800175,10,0.0833,9.1662,14.1662,09:10-14:10
851,25.480489,81.948844,10,0.1167,10.8415,14.8415,10:50-14:50
852,25.494759,82.045284,8,0.2333,11.7842,15.7842,11:47-15:47
853,25.526648,81.723102,2,0.15,9.578,14.578,09:35-14:35
854,25.583972,81.745871,1,0.25,8.776,13.776,08:47-13:47
855,25.479034,82.043784,1,0.1833,8.6962,13.1962,08:42-13:12
856,25.241267,81.887672,7,0.2333,8.5958,13.0958,08:36-13:06
857,25.425283,81.734405,9,0.2,9.7261,14.7261,09:44-14:44
858,25.51706,81.760046,7,0.1667,12.9069,17.4069,12:54-17:24
859,25.35871,81.927424,3,0.1667,10.9931,15.9931,10:00-15:00
860,25.327911,81.833475,8,0.2667,10.6208,15.6208,10:37-15:37
861,25.427791,81.676058,1,0.2167,9.3714,14.3714,09:22-14:22
862,25.412436,81.629039,9,0.2333,12.0209,16.0209,12:01-16:01
863,25.476364,81.632511,9,0.2333,10.0797,14.0797,10:05-14:05
864,25.302723,81.777032,8,0.1333,12.2394,16.2394,12:14-16:14
865,25.562984,81.954999,9,0.3167,8.6224,13.1224,08:37-13:07
866,25.587761,81.730348,6,0.2333,12.8091,17.3091,12:49-17:19
867,25.563143,81.687508,5,0.2667,10.9877,15.9877,10:59-15:59
868,25.464919,81.742872,4,0.3167,10.0444,14.0444,10:03-14:03
869,25.555019,81.942041,10,0.3167,9.3233,14.3233,09:19-14:19
870,25.487176,82.039386,7,0.25,8.966,12.966,08:58-12:58
871,25.431168,81.718799,2,0.2833,8.892,13.892,08:54-13:54
872,25.569932,81.868049,10,0.2,11.8094,15.8094,11:49-15:49
873,25.630965,81.817928,1,0.2667,13.006,17.506,13:00-17:30
874,25.294789,81.998294,6,0.1667,9.8328,14.8328,09:50-14:50
875,25.399554,81.640726,2,0.2667,11.0453,16.0453,11:03-16:03
876,25.571368,81.718202,7,0.1,9.8348,14.8348,09:50-14:50
877,25.349372,81.920894,5,0.3167,11.1118,16.1118,11:07-16:07
878,25.386116,81.96489,5,0.1333,8.8476,12.8476,08:51-12:51
879,25.319761,81.741701,7,0.25,12.1981,17.1981,12:12-17:12
880,25.303671,81.764676,8,0.0833,11.7631,16.7631,11:46-16:46
881,25.314365,81.93266,4,0.1167,10.011,15.011,10:01-15:01
882,25.307104,81.740313,10,0.3333,9.9101,14.9101,09:55-14:55
883,25.556294,81.78894,5,0.3,10.3625,15.3625,10:22-15:22
884,25.266383,81.884978,2,0.1333,9.9858,13.9858,09:59-13:59
885,25.475226,81.971861,1,0.1167,9.171,13.171,09:10-13:10
886,25.350065,81.938642,3,0.3,9.2076,13.2076,09:12-13:12
887,25.371348,81.902305,7,0.3333,8.4016,12.9016,08:24-12:54
888,25.500282,81.923406,6,0.1167,10.8271,14.8271,10:50-14:50
889,25.531358,82.019883,4,0.25,9.1101,14.1101,09:07-14:07
890,25.381265,81.707796,5,0.15,8.541,13.041,08:32-13:02
891,25.381262,81.942156,9,0.2667,8.8505,13.8505,08:51-13:51
892,25.60293,81.792404,6,0.1833,11.1301,15.1301,11:08-15:08
893,25.441852,82.012774,1,0.1167,9.0095,13.0095,09:01-13:01
894,25.478461,81.880136,1,0.1667,9.5767,14.5767,09:35-14:35
895,25.438384,81.716389,5,0.2167,9.4297,14.4297,09:26-14:26
896,25.503693,81.776616,5,0.2833,10.4695,15.4695,10:28-15:28
897,25.407226,82.023556,9,0.0833,9.8402,14.8402,09:50-14:50
898,25.468588,81.963242,6,0.3333,10.1283,15.1283,10:08-15:08
899,25.461814,81.913758,8,0.25,12.8285,17.3285,12:50-17:20
900,25.373047,81.836627,6,0.3167,10.6392,15.6392,10:38-15:38
901,25.284958,81.879889,4,0.3167,9.149,13.149,09:09-13:09
902,25.432677,81.904528,7,0.1167,9.6233,14.6233,09:37-14:37
903,25.611873,81.903175,7,0.1,10.2597,15.2597,10:16-15:16
904,25.348286,81.857621,8,0.2833,11.8866,15.8866,11:53-15:53
905,25.587552,81.802402,2,0.1333,11.9842,16.9842,11:59-16:59
906,25.357479,81.722868,7,0.1167,9.0478,13.0478,09:03-13:03
907,25.299874,81.850551,3,0.2,9.2096,13.2096,09:13-13:13
908,25.488116,81.894651,8,0.3167,8.9378,12.9378,08:56-12:56
909,25.433065,82.04412,8,0.2833,9.1875,14.1875,09:11-14:11
910,25.383645,82.046147,7,0.2167,12.8317,17.3317,12:50-17:20
911,25.440327,81.792565,10,0.1333,11.9356,16.9356,11:56-16:56
912,25.502188,81.774349,6,0.1667,10.2761,15.2761,10:17-15:17
913,25.589789,81.725079,1,0.2667,10.1212,15.1212,10:07-15:07
914,25.584997,81.830231,7,0.1167,12.8253,17.3253,12:50-17:20
915,25.522234,81.835652,8,0.2167,9.8785,13.8785,09:53-13:53
916,25.529205,81.814835,2,0.0833,8.6376,13.1376,08:38-13:08
917,25.582551,81.925053,2,0.1667,9.0174,13.0174,09:01-13:01
918,25.546183,81.98995,3,0.1333,8.757,12.757,08:45-12:45
919,25.383452,82.00902,9,0.25,8.7511,12.7511,08:45-12:45
920,25.252666,81.776302,6,0.3167,10.5053,15.5053,10:30-15:30
921,25.552929,81.936821,10,0.1167,9.9025,14.9025,09:54-14:54
922,25.500779,81.741555,9,0.2833,10.8402,15.8402,10:50-15:50
923,25.331353,81.742043,6,0.25,11.0568,16.0568,11:03-16:03
924,25.316127,81.810168,7,0.3333,10.3642,15.3642,10:22-15:22
925,25.487388,81.943327,4,0.3167,11.0461,15.0461,11:03-15:03
926,25.434559,81.913455,1,0.1,8.9396,12.9396,08:56-12:56
927,25.501458,81.961363,4,0.2667,10.8434,14.8434,10:51-14:51
928,25.536704,81.696374,6,0.2333,9.8191,14.8191,09:49-14:49
929,25.391346,81.817509,2,0.1,9.3684,14.3684,09:22-14:22
930,25.42316,81.696937,3,0.15,10.2649,15.2649,10:16-15:16
931,25.389812,82.017428,1,0.3167,8.9041,13.9041,08:54-13:54
932,25.327221,81.972333,8,0.2167,10.701,15.701,10:42-15:42
933,25.290391,81.955941,9,0.1667,9.1657,13.1657,09:10-13:10
934,25.447086,81.647953,9,0.1667,11.936,16.936,11:56-16:56
935,25.459442,81.661123,4,0.3,11.0379,15.0379,11:02-15:02
936,25.456213,81.927549,6,0.15,10.0337,15.0337,10:02-15:02
937,25.566765,81.790498,10,0.1167,11.1644,16.1644,11:10-16:10
938,25.549418,81.965426,6,0.2333,9.8681,14.8681,09:52-14:52
939,25.519608,81.775357,3,0.3333,10.3982,15.3982,10:24-15:24
940,25.48393,81.885224,4,0.1167,12.9009,17.4009,12:54-17:24
941,25.426538,81.958258,8,0.15,10.2704,15.2704,10:16-15:16
942,25.51421,81.721058,5,0.2,10.9073,15.9073,10:54-15:54
943,25.492363,81.97831,9,0.1333,12.189,16.189,12:11-16:11
944,25.356605,81.899234,9,0.25,11.206,16.206,11:12-16:12
945,25.26379,81.908375,1,0.15,10.3048,15.3048,10:18-15:18
946,25.441491,82.05779,8,0.1167,11.979,15.979,11:59-15:59
947,25.411734,81.74184,4,0.15,10.9407,15.9407,10:56-15:56
948,25.549628,81.675837,6,0.3167,10.9947,14.9947,10:00-14:00
949,25.471971,81.806033,3,0.3167,11.0274,15.0274,11:02-15:02
950,25.334143,82.025361,4,0.2167,11.7601,15.7601,11:46-15:46
951,25.245806,81.805,4,0.1833,9.6711,14.6711,09:40-14:40
952,25.436292,81.900702,1,0.3,11.2368,16.2368,11:14-16:14
953,25.441503,82.039391,8,0.1333,10.5767,15.5767,10:35-15:35
954,25.539183,82.029873,2,0.25,10.5802,15.5802,10:35-15:35
955,25.611659,81.769226,4,0.25,11.014,16.014,11:01-16:01
956,25.584789,81.706267,2,0.2667,8.4171,12.9171,08:25-12:55
957,25.461459,81.682643,2,0.1333,9.8245,13.8245,09:49-13:49
958,25.366367,81.837733,4,0.2667,13.042,17.542,13:03-17:33
959,25.252607,81.858285,10,0.2333,9.7725,14.7725,09:46-14:46
960,25.28084,81.813851,10,0.3167,12.1623,16.1623,12:10-16:10
961,25.282134,81.806501,4,0.1167,9.9605,14.9605,09:58-14:58
962,25.314415,81.904905,6,0.2333,10.9574,15.9574,10:57-15:57
963,25.539068,81.970796,10,0.3,10.9136,14.9136,10:55-14:55
964,25.497571,81.915274,3,0.15,9.7347,14.7347,09:44-14:44
965,25.600081,81.790022,10,0.2667,8.8375,12.8375,08:50-12:50
966,25.36722,81.854911,2,0.1,8.3257,12.8257,08:20-12:50
967,25.599343,81.791465,3,0.2667,8.3328,12.8328,08:20-12:50
968,25.530582,82.020202,4,0.2333,12.0793,16.0793,12:05-16:05
969,25.303918,81.794327,1,0.1333,12.2459,16.2459,12:15-16:15
970,25.473839,82.001102,9,0.1,9.3677,14.3677,09:22-14:22
971,25.433465,81.975484,9,0.2667,10.2028,14.2028,10:12-14:12
972,25.62763,81.886897,4,0.1333,9.3893,14.3893,09:23-14:23
973,25.561397,81.975192,9,0.2,10.0739,14.0739,10:04-14:04
974,25.544502,81.776987,8,0.0833,9.2702,14.2702,09:16-14:16
975,25.395772,81.938185,9,0.3333,9.9978,14.9978,09:00-14:00
976,25.357391,81.776174,9,0.2167,9.5773,14.5773,09:35-14:35
977,25.3003,81.879825,6,0.3167,10.5182,15.5182,10:31-15:31
978,25.279569,81.971244,2,0.1167,9.8689,13.8689,09:52-13:52
979,25.267876,81.808539,10,0.1333,12.1642,17.1642,12:10-17:10
980,25.474213,81.948518,7,0.2333,11.2351,16.2351,11:14-16:14
981,25.619831,81.831683,10,0.2333,9.9796,14.9796,09:59-14:59
982,25.488566,81.718626,10,0.2833,12.068,17.068,12:04-17:04
983,25.426125,81.643154,2,0.3167,13.1452,17.6452,13:09-17:39
984,25.333008,81.868934,5,0.3,8.8707,12.8707,08:52-12:52
985,25.526503,81.989932,2,0.1167,13.1822,17.6822,13:11-17:41
986,25.603707,81.745095,1,0.15,8.3901,12.8901,08:23-12:53
987,25.377329,81.946387,10,0.3167,12.1379,16.1379,12:08-16:08
988,25.594404,81.903495,10,0.2167,11.806,16.806,11:48-16:48
989,25.327742,82.0287,10,0.3,10.8942,14.8942,10:54-14:54
990,25.459811,81.753603,9,0.2333,9.0168,14.0168,09:01-14:01
991,25.383768,81.790318,7,0.0833,12.0125,16.0125,12:01-16:01
992,25.436668,81.663931,6,0.2,10.6752,15.6752,10:41-15:41
993,25.468562,81.71731,10,0.3,10.2481,14.2481,10:15-14:15
994,25.451899,81.919449,6,0.25,9.3036,14.3036,09:18-14:18
995,25.560374,81.77468,7,0.1167,9.3857,14.3857,09:23-14:23
996,25.275326,81.919265,3,0.1333,10.4288,15.4288,10:26-15:26
997,25.363702,81.751003,8,0.3,10.9895,14.9895,10:59-14:59
998,25.556068,81.848232,9,0.3333,10.997,14.997,10:00-14:00
999,25.618737,81.837854,7,0.2833,11.1781,15.1781,11:11-15:11
1000,25.407598,82.005144,5,0.1,8.6353,13.1353,08:38-13:08
